Samples,Samples_ID,      BarcodeSequence,sampletype description,Diet,Diet group,Sex,Age ,#SampleID
818.HF,818.HF,GTAGAGGA+GCGTAAGA,fecalpellet,HF,High Fat ,M,Week 13,818.W13
819.HF,819.HF,TCCTGAGC+GCGTAAGA,fecalpellet,HF,High Fat ,M,Week 13,819.W13
819.HF2,819.HF2,TCCTGAGC+CTCTCTAT,fecalpellet,HF,High Fat ,M,Week 13,820.W13
820.HF,820.HF,GTAGAGGA+CTCTCTAT,fecalpellet,HF,High Fat ,M,Week 13,821.W13
821.HF,821.HF,GTAGAGGA+TATCCTCT,fecalpellet,HF,High Fat ,M,Week 13,823.W13
823.HF,823.HF,TCCTGAGC+TATCCTCT,fecalpellet,HF,High Fat ,M,Week 13,824.W13
824.HF,824.HF,GTAGAGGA+AGAGTAGA,fecalpellet,HF,High Fat ,M,Week 13,825.W13
825.HF,825.HF,CGTACTAG+GTAAGGAG,fecalpellet,HF,High Fat ,M,Week 14,819.W14
826.C,826.C,TCCTGAGC+AGAGTAGA,fecalpellet,C,Control ,M,Week 13,826.W13
826.C2,826.C2,GTAGAGGA+GTAAGGAG,fecalpellet,C,Control ,M,Week 13,827.W13
827.C,827.C,TCCTGAGC+GTAAGGAG,fecalpellet,C,Control ,M,Week 13,828.W13
827.C2,827.C2,GTAGAGGA+ACTGCATA,fecalpellet,C,Control ,M,Week 13,829.W13
828.C,828.C,GTAGAGGA+AAGGAGTA,fecalpellet,C,Control ,M,Week 13,830.W13
828.C2,828.C2,TCCTGAGC+ACTGCATA,fecalpellet,C,Control ,M,Week 13,831.W13
829.C,829.C,GTAGAGGA+CTAAGCCT,fecalpellet,C,Control ,M,Week 13,832.W13
829.C2,829.C2,CGTACTAG+ACTGCATA,fecalpellet,C,Control ,M,Week 14,829.W14
830.C,830.C,AGGCAGAA+AGAGTAGA,fecalpellet,C,Control ,M,Week 14,828.W14
831.C,831.C,CGTACTAG+CTAAGCCT,fecalpellet,C,Control ,M,Week 14,827.W14
832.C,832.C,AGGCAGAA+TATCCTCT,fecalpellet,C,Control ,M,Week 14,826.W14
834.HF+EPA,834.HF+EPA,TCCTGAGC+AAGGAGTA,fecalpellet,HF_EPA,High Fat + EPA,M,Week 13,834.W13
834.HF+EPA2,834.HF+EPA2,CGAGGCTG+CTCTCTAT,fecalpellet,HF_EPA,High Fat + EPA,M,Week 13,835.W13
835.HF+EPA,835.HF+EPA,TCCTGAGC+CTAAGCCT,fecalpellet,HF_EPA,High Fat + EPA,M,Week 13,836.W13
836.HF+EPA,836.HF+EPA,CGAGGCTG+TATCCTCT,fecalpellet,HF_EPA,High Fat + EPA,M,Week 13,837.W13
837.HF+EPA,837.HF+EPA,GGACTCCT+GCGTAAGA,fecalpellet,HF_EPA,High Fat + EPA,M,Week 13,838.W13
838.HF+EPA,838.HF+EPA,CGAGGCTG+AGAGTAGA,fecalpellet,HF_EPA,High Fat + EPA,M,Week 13,839.W13
839.HF+EPA,839.HF+EPA,CGAGGCTG+GTAAGGAG,fecalpellet,HF_EPA,High Fat + EPA,M,Week 13,840.W13
840.HF+EPA,840.HF+EPA,GGACTCCT+CTCTCTAT,fecalpellet,HF_EPA,High Fat + EPA,M,Week 13,841.W13
841.HF+EPA,841.HF+EPA,AGGCAGAA+CTCTCTAT,fecalpellet,HF_EPA,High Fat + EPA,M,Week 14,834.W14
